{
    "modellist":[
        {
        "location":"models/mmd/kizunaai/kizunaai.pmx",
        "line_locationx_1":0.46801237140685115,
        "line_locationy_1":8.409648574077757,
        "line_locationx_2":0.7323109014432065,
        "line_locationy_2":8.202188437597606,
        "line_locationx_3":0.47938005011809237,
        "line_locationy_3":8.000412140473077,
        "line_locationx_4":0.26339415460451154,
        "line_locationy_4":8.170927321141694,
        "Right_X_negative_angle":-8.59,
        "Right_X_positive_angle":11.45,
        "Right_Y_negative_angle":-7.44,
        "Right_Y_positive_angle":14.32,
        "Left_X_negative_angle":-8.59,
        "Left_X_positive_angle":10.31,
        "Left_Y_negative_angle":-13.17,
        "Left_Y_positive_angle":6.87
        },
        {
        "location":"models/mmd/『天宮こころ(Kokoro Amamiya)』/『天宮こころ(Kokoro Amamiya)』.pmx",
        "line_locationx_1":0.49927348786276415,
        "line_locationy_1":5.573412735623104,
        "line_locationx_2":0.7635720178991194,
        "line_locationy_2":5.513732422389089,
        "line_locationx_3":0.5049573272183847,
        "line_locationy_3":5.329007643331421,
        "line_locationx_4":0.30318103009385544,
        "line_locationy_4":5.468261707544125,
        "Right_X_negative_angle":-18.90,
        "Right_X_positive_angle":12.03,
        "Right_Y_negative_angle":-8.59,
        "Right_Y_positive_angle":17.76,
        "Left_X_negative_angle":-17.76,
        "Left_X_positive_angle":12.03,
        "Left_Y_negative_angle":-16.61,
        "Left_Y_positive_angle":8.59
        },
        {
        "location":"models/mmd/るいのれ式物述有栖_配布用フォルダ/物述有栖.pmx",
        "line_locationx_1":0.5021154075405746,
        "line_locationy_1":4.743572189702504,
        "line_locationx_2":0.7834654556437914,
        "line_locationy_2":4.567373169678267,
        "line_locationx_3":0.5589538010967801,
        "line_locationy_3":4.320126157708773,
        "line_locationx_4":0.3230744678385272,
        "line_locationy_4":4.504850936766441,
        "Right_X_negative_angle":-14.89,
        "Right_X_positive_angle":16.61,
        "Right_Y_negative_angle":-9.16,
        "Right_Y_positive_angle":21.77,
        "Left_X_negative_angle":-14.32,
        "Left_X_positive_angle":16.61,
        "Left_Y_negative_angle":-21.77,
        "Left_Y_positive_angle":8.59
        }
    ]
}